[{"Q0":""},{"Q1":"Getting organized"},{"Q2":"Following lines of print"},{"Q3":"Helping the nation's defense"},{"Q4":"Putting clothes into the machine"},{"Q5":"Getting something to eat"},{"Q6":"Wielding an axe"},{"Q7":"Getting ready to remodel"},{"Q8":"Showing one's cleanliness"},{"Q9":"Applying brush strokes"},{"Q10":"Maintaining a place to live"},{"Q11":"Watering plants"},{"Q12":"Securing the house"},{"Q13":"Marking a ballot"},{"Q14":"Holding on to branches"},{"Q15":"Answering questions"},{"Q16":"Preventing tooth decay"},{"Q17":"Showing one's knowledge"},{"Q18":"Showing friendliness"},{"Q19":"Showing moral courage"},{"Q20":"Getting nutrition"},{"Q21":"Planting seeds"},{"Q22":"Following a map"},{"Q23":"Protecting your teeth"},{"Q24":"Teaching a child something"},{"Q25":"Moving a finger"}]
